Audi A4 35 TDI Premium,2015,2300000,35000,Diesel,Individual,Automatic,Third Owner
Audi A4 2.0 TDI,2011,1295000,58000,Diesel,Dealer,Automatic,First Owner
BMW X5 xDrive 30d xLine,2019,4950000,30000,Diesel,Dealer,Automatic,First Owner
BMW X5 xDrive 30d xLine,2019,4950000,30000,Diesel,Dealer,Automatic,First Owner
BMW X5 xDrive 30d xLine,2019,4950000,30000,Diesel,Dealer,Automatic,First Owner
Mercedes-Benz E-Class E250 Edition E,2013,1451000,81000,Diesel,Dealer,Automatic,First Owner
Toyota Corolla Altis Diesel D4DGL,2011,550000,120000,Diesel,Individual,Manual,First Owner
Toyota Etios Cross 1.4L GD,2015,500000,80000,Diesel,Individual,Manual,Second Owner
Toyota Etios Cross 1.4L GD,2015,350000,80000,Diesel,Individual,Manual,Second Owner
Mahindra Xylo D4,2018,750000,87000,Diesel,Individual,Manual,First Owner
Mahindra Renault Logan 1.5 DLS,2008,89999,213000,Diesel,Individual,Manual,First Owner
Mahindra Bolero DI DX 7 Seater,2007,225000,120000,Diesel,Individual,Manual,First Owner
Honda City i-DTEC VX,2017,1000000,30000,Diesel,Individual,Manual,First Owner
Honda Amaze VX O iDTEC,2017,550000,12997,Diesel,Dealer,Manual,First Owner
Honda City i DTEC V,2014,515000,90000,Diesel,Individual,Manual,Second Owner
